N,bandwidth,r,r_frac_rayleigh,rayleigh_distance,gain_loss_conventional_db,gain_loss_nearfield_db,gain_loss_squint_db
8,10000000.0,0.005246368014999999,0.02,0.26231840074999996,10.638702646976462,2.5409239469801325e-07,10.638702671257557
8,10000000.0,0.0131159200375,0.05,0.26231840074999996,8.524591469932519,2.1874799264487047e-07,8.524592145543691
8,10000000.0,0.026231840075,0.1,0.26231840074999996,7.166547380781591,2.2023435871032187e-07,7.16654705326455
8,10000000.0,0.05246368015,0.2,0.26231840074999996,1.9450807305198017,2.6425920503139113e-07,1.9450804717729084
8,10000000.0,0.13115920037499998,0.5,0.26231840074999996,0.29976409441699275,2.909962913089685e-07,0.29976380740098096
8,10000000.0,0.26231840074999996,1.0,0.26231840074999996,0.07438443668478614,2.9567434478763294e-07,0.07438414211864261
8,10000000.0,0.5246368014999999,2.0,0.26231840074999996,0.018560059956396986,2.968824522266581e-07,0.01855976335809047
8,10000000.0,1.3115920037499997,5.0,0.26231840074999996,0.002968217337433701,2.972235521861415e-07,0.0029679201596625967
8,10000000.0,2.6231840074999995,10.0,0.26231840074999996,0.0007422185068771521,2.972723828327232e-07,0.0007419212459488122
8,10000000.0,5.246368014999999,20.0,0.26231840074999996,0.00018577391711961086,2.972845950749237e-07,0.00018547663538677727
8,100000000.0,0.005246368014999999,0.02,0.26231840074999996,10.638673936066018,2.5409133914325074e-05,10.638676364821503
8,100000000.0,0.0131159200375,0.05,0.26231840074999996,8.524550919107451,2.1874731416818134e-05,8.524618479175873
8,100000000.0,0.026231840075,0.1,0.26231840074999996,7.166554884046326,2.2023375468701726e-05,7.166522132448585
8,100000000.0,0.05246368015,0.2,0.26231840074999996,1.9451068276127836,2.642586956991504e-05,1.9450809529849342
8,100000000.0,0.13115920037499998,0.5,0.26231840074999996,0.29979280496241645,2.9099584706799942e-05,0.299764103408749
8,100000000.0,0.26231840074999996,1.0,0.26231840074999996,0.07441367855453959,2.95673910288044e-05,0.07438422198441068
8,100000000.0,0.5246368014999999,2.0,0.26231840074999996,0.018589443458530024,2.9688202105280426e-05,0.01855978367116953
8,100000000.0,1.3115920037499997,5.0,0.26231840074999996,0.0029976411592220666,2.97223123427713e-05,0.002967923425053921
8,100000000.0,2.6231840074999995,10.0,0.26231840074999996,0.000771648112567932,2.9727195404236207e-05,0.0007419220628424436
8,100000000.0,5.246368014999999,20.0,0.26231840074999996,0.00021520496972262588,2.9728416567142855e-05,0.00018547683964382637
8,400000000.0,0.005246368014999999,0.02,0.26231840074999996,10.63823895388785,0.0004065205499310333,10.638277970501322
8,400000000.0,0.0131159200375,0.05,0.26231840074999996,8.523936682269644,0.00034997926945378485,8.525017389120297
8,400000000.0,0.026231840075,0.1,0.26231840074999996,7.166668573339486,0.0003523593645851916,7.166144573555408
8,400000000.0,0.05246368015,0.2,0.26231840074999996,1.9455022232013621,0.00042280156447084603,1.9450882440968955
8,400000000.0,0.13115920037499998,0.5,0.26231840074999996,0.3002278017078749,0.00046558254784448454,0.29976858837364095
8,400000000.0,0.26231840074999996,1.0,0.26231840074999996,0.07485672647832514,0.0004730677336414424,0.0743854320717481
8,400000000.0,0.5246368014999999,2.0,0.26231840074999996,0.01903463754523244,0.0004750007851494249,0.01856009144503884
8,400000000.0,1.3115920037499997,5.0,0.26231840074999996,0.00344344621199411,0.0004755465699868458,0.0029679729006950794
8,400000000.0,2.6231840074999995,10.0,0.26231840074999996,0.0012175408091375183,0.0004756247019948813,0.0007419344399991117
8,400000000.0,5.246368014999999,20.0,0.26231840074999996,0.0006611195914631305,0.0004756442413646327,0.00018547993444833008
8,1000000000.0,0.005246368014999999,0.02,0.26231840074999996,10.635804150510591,0.00253985777907438,10.636053470799478
8,1000000000.0,0.0131159200375,0.05,0.26231840074999996,8.520502829159502,0.0021867953089622283,8.527248355193223
8,1000000000.0,0.026231840075,0.1,0.26231840074999996,7.167305353412729,0.002201733507690763,7.164031256610093
8,1000000000.0,0.05246368015,0.2,0.26231840074999996,1.9477159214430217,0.0026420775154102506,1.9451290750400725
8,1000000000.0,0.13115920037499998,0.5,0.26231840074999996,0.3026633840452981,0.002909512594606382,0.299793704131636
8,1000000000.0,0.26231840074999996,1.0,0.26231840074999996,0.07733742348894865,0.0029563049687201986,0.07439220855801354
8,1000000000.0,0.5246368014999999,2.0,0.26231840074999996,0.021527360621083676,0.002968389139856622,0.018561814978534
8,1000000000.0,1.3115920037499997,5.0,0.26231840074999996,0.005939592852420088,0.00297180103094176,0.002968249964279004
8,1000000000.0,2.6231840074999995,10.0,0.26231840074999996,0.003714178564072068,0.0029722894613983643,0.0007420037520862142
8,1000000000.0,5.246368014999999,20.0,0.26231840074999996,0.0031578802047128388,0.002972411608816417,0.00018549726535640277
8,2000000000.0,0.005246368014999999,0.02,0.26231840074999996,10.627123652532191,0.010146640822075307,10.628198367747315
8,2000000000.0,0.0131159200375,0.05,0.26231840074999996,8.508320030972214,0.008738967219530751,8.535175482387078
8,2000000000.0,0.026231840075,0.1,0.26231840074999996,7.169581227109578,0.008799611250073214,7.156497698884664
8,2000000000.0,0.05246368015,0.2,0.26231840074999996,1.955614820565181,0.010562131566607427,1.9452749097571254
8,2000000000.0,0.13115920037499998,0.5,0.26231840074999996,0.31135635520815397,0.011632641903955162,0.29988340263844426
8,2000000000.0,0.26231840074999996,1.0,0.26231840074999996,0.0861919074346717,0.011819953697329529,0.07441641025569726
8,2000000000.0,0.5246368014999999,2.0,0.26231840074999996,0.030424899444893395,0.011868327508093773,0.018567970452885822
8,2000000000.0,1.3115920037499997,5.0,0.26231840074999996,0.01484938854486117,0.011881985583024696,0.002969239477016081
8,2000000000.0,2.6231840074999995,10.0,0.26231840074999996,0.012625732521411477,0.011883940810512668,0.0007422512952525698
8,2000000000.0,5.246368014999999,20.0,0.26231840074999996,0.01206987401364796,0.011884429776755792,0.00018555916145348054
8,4000000000.0,0.005246368014999999,0.02,0.26231840074999996,10.592641664599284,0.04038222475048459,10.598139250966705
8,4000000000.0,0.0131159200375,0.05,0.26231840074999996,8.460829766749017,0.034824575382229044,8.566247969645755
8,4000000000.0,0.026231840075,0.1,0.26231840074999996,7.17871042189011,0.035081216614962336,7.126580532974871
8,4000000000.0,0.05246368015,0.2,0.26231840074999996,1.9870982408208633,0.04214946429149803,1.945858403544771
8,4000000000.0,0.13115920037499998,0.5,0.26231840074999996,0.34604148303160415,0.04644379726464824,0.3002421868390886
8,4000000000.0,0.26231840074999996,1.0,0.26231840074999996,0.12152916592797788,0.0471953192457243,0.07451321643730666
8,4000000000.0,0.5246368014999999,2.0,0.26231840074999996,0.06593601349125093,0.047389408146208956,0.018592592312523557
8,4000000000.0,1.3115920037499997,5.0,0.26231840074999996,0.05040999680923251,0.04744420852326789,0.002973197527000199
8,4000000000.0,2.6231840074999995,10.0,0.26231840074999996,0.048193440835107335,0.04745205351105845,0.0007432414678530641
8,4000000000.0,5.246368014999999,20.0,0.26231840074999996,0.04763935849338137,0.04745401539809707,0.00018580674583586307
16,10000000.0,0.024090465375,0.02,1.20452326875,12.594463224134193,9.049898586745046e-07,12.594462145242522
16,10000000.0,0.06022616343750001,0.05,1.20452326875,9.640017771361201,9.23913399339807e-07,9.640019143971447
16,10000000.0,0.12045232687500002,0.1,1.20452326875,6.3008671834264725,1.0944895634581298e-06,6.30086662513459
16,10000000.0,0.24090465375000003,0.2,1.20452326875,1.5219482534066386,1.1724854893957916e-06,1.5219471873682233
16,10000000.0,0.602261634375,0.5,1.20452326875,0.23772222346189278,1.1981978817847604e-06,0.23772104287291607
16,10000000.0,1.20452326875,1.0,1.20452326875,0.05921000565391911,1.202026223160297e-06,0.05920880805994128
16,10000000.0,2.4090465375,2.0,1.20452326875,0.014789441808407026,1.2029895484238796e-06,0.014788239928876285
16,10000000.0,6.02261634375,5.0,1.20452326875,0.0023666946121745002,1.203259728796973e-06,0.002365491530137329
16,10000000.0,12.0452326875,10.0,1.20452326875,0.0005925537366207298,1.2032983423866903e-06,0.0005913504827035435
16,10000000.0,24.090465375,20.0,1.20452326875,0.00014903951746103207,1.2033079962662834e-06,0.00014783622057077246
16,100000000.0,0.024090465375,0.02,1.20452326875,12.594416918317714,9.049780476010198e-05,12.594309037949902
16,100000000.0,0.06022616343750001,0.05,1.20452326875,9.63989984625689,9.239034501681815e-05,9.640037102265387
16,100000000.0,0.12045232687500002,0.1,1.20452326875,6.300905945456269,0.00010944812278124109,6.300850117475757
16,100000000.0,0.24090465375000003,0.2,1.20452326875,1.5220544482891039,0.00011724779659218422,1.5219478454450552
16,100000000.0,0.602261634375,0.5,1.20452326875,0.23783934238116688,0.00011981906391350014,0.23772128424966288
16,100000000.0,1.20452326875,1.0,1.20452326875,0.05932863124828467,0.00012020190232405381,0.05920887258102467
16,100000000.0,2.4090465375,2.0,1.20452326875,0.014908443545296263,0.00012029823591368784,0.014788256313900728
16,100000000.0,6.02261634375,5.0,1.20452326875,0.00248580164775375,0.00012032525425821172,0.0023654941630796155
16,100000000.0,12.0452326875,10.0,1.20452326875,0.0007116758142599581,0.00012032911562795093,0.0005913511413449825
16,100000000.0,24.090465375,20.0,1.20452326875,0.00026816535559063897,0.00012033008103282368,0.00014783638525493983
16,400000000.0,0.024090465375,0.02,1.20452326875,12.593715839496333,0.001447678563850858,12.591991884942184
16,400000000.0,0.06022616343750001,0.05,1.20452326875,9.638114236521208,0.001478004303280292,9.640309117311624
16,400000000.0,0.12045232687500002,0.1,1.20452326875,6.3014929707932605,0.0017509678383015436,6.30060001583796
16,400000000.0,0.24090465375000003,0.2,1.20452326875,1.523663219967968,0.0018757823665772738,1.5219578163035155
16,400000000.0,0.602261634375,0.5,1.20452326875,0.23961368581156267,0.0019169294314061733,0.2377249414721464
16,400000000.0,1.20452326875,1.0,1.20452326875,0.061125811713671076,0.0019230558684247747,0.05920985017309133
16,400000000.0,2.4090465375,2.0,1.20452326875,0.016711325319942454,0.0019245974636298137,0.014788504571797471
16,400000000.0,6.02261634375,5.0,1.20452326875,0.004290279469309806,0.001925029829452898,0.002365534056182593
16,400000000.0,12.0452326875,10.0,1.20452326875,0.0025163816333013617,0.0019250916217144595,0.0005913611207473601
16,400000000.0,24.090465375,20.0,1.20452326875,0.002072928173657242,0.0019251070707756621,0.00014783888048882342
16,1000000000.0,0.024090465375,0.02,1.20452326875,12.58980790580898,0.009037973683316256,12.57910739254027
16,1000000000.0,0.06022616343750001,0.05,1.20452326875,9.628154017953905,0.009229082867043301,9.64182961690222
16,1000000000.0,0.12045232687500002,0.1,1.20452326875,6.3047706814561275,0.010936470733508175,6.2991999459383035
16,1000000000.0,0.24090465375000003,0.2,1.20452326875,1.5326639582513657,0.011717252239309361,1.5220136530213682
16,1000000000.0,0.602261634375,0.5,1.20452326875,0.24954356792917434,0.011974658882937153,0.237745421884907
16,1000000000.0,1.20452326875,1.0,1.20452326875,0.07118388019909826,0.01201298488993005,0.05921532468651042
16,1000000000.0,2.4090465375,2.0,1.20452326875,0.02680139671427625,0.01202262887914425,0.014789894815885945
16,1000000000.0,6.02261634375,5.0,1.20452326875,0.014389309948084465,0.012025333696337025,0.0023657574575449807
16,1000000000.0,12.0452326875,10.0,1.20452326875,0.01261669193183589,0.01202572025970772,0.0005914170054044938
16,1000000000.0,24.090465375,20.0,1.20452326875,0.012173558425316887,0.01202581690682947,0.0001478528537950735
16,2000000000.0,0.024090465375,0.02,1.20452326875,12.576097681952836,0.03600899124999059,12.534334337888824
16,2000000000.0,0.06022616343750001,0.05,1.20452326875,9.593117640787625,0.03679562509800705,9.647221399413882
16,2000000000.0,0.12045232687500002,0.1,1.20452326875,6.316344064320361,0.04364455359707556,6.294206602846639
16,2000000000.0,0.24090465375000003,0.2,1.20452326875,1.56469314406975,0.0467775214293317,1.5222130686303268
16,2000000000.0,0.602261634375,0.5,1.20452326875,0.2849179678456024,0.04781053603823138,0.23781856575677915
16,2000000000.0,1.20452326875,1.0,1.20452326875,0.1070202269487968,0.04796435060223509,0.059234876490371687
16,2000000000.0,2.4090465375,2.0,1.20452326875,0.06275308590963215,0.04800305527365558,0.01479485997147506
16,2000000000.0,6.02261634375,5.0,1.20452326875,0.05037328969695436,0.04801391066047496,0.0023665553195058218
16,2000000000.0,12.0452326875,10.0,1.20452326875,0.048605284470616544,0.04801546207643943,0.000591616593452377
16,2000000000.0,24.090465375,20.0,1.20452326875,0.048163304156251315,0.0480158499556384,0.00014790275846746204
16,4000000000.0,0.024090465375,0.02,1.20452326875,12.524864600805776,0.14176269312034587,12.373209637742859
16,4000000000.0,0.06022616343750001,0.05,1.20452326875,9.46092530045428,0.14524686536979223,9.668186026264042
16,4000000000.0,0.12045232687500002,0.1,1.20452326875,6.36060690960219,0.17294405365938986,6.274340542965037
16,4000000000.0,0.24090465375000003,0.2,1.20452326875,1.6909820157023403,0.18563171883933663,1.5230107116658558
16,4000000000.0,0.602261634375,0.5,1.20452326875,0.42500319004670967,0.18981766642886128,0.23811113406609563
16,4000000000.0,1.20452326875,1.0,1.20452326875,0.24901766452738536,0.1904410550787958,0.059313083240454055
16,4000000000.0,2.4090465375,2.0,1.20452326875,0.20522819602836043,0.19059792396777625,0.014814720564566878
16,4000000000.0,6.02261634375,5.0,1.20452326875,0.19298214091409874,0.19064192084254475,0.0023697467666043224
16,4000000000.0,12.0452326875,10.0,1.20452326875,0.19123324147870474,0.1906482087415515,0.0005924149456023235
16,4000000000.0,24.090465375,20.0,1.20452326875,0.19079603761071973,0.19064978081911677,0.0001481023771464602
32,10000000.0,0.10289305433500001,0.02,5.1446527167500005,12.627362342131772,3.5572121106936523e-06,12.62736366230918
32,10000000.0,0.25723263583750006,0.05,5.1446527167500005,9.401160557281777,4.434627297991094e-06,9.401161756154252
32,10000000.0,0.5144652716750001,0.1,5.1446527167500005,5.636327506492577,4.717636208457575e-06,5.636325537379295
32,10000000.0,1.0289305433500002,0.2,5.1446527167500005,1.3423214842997355,4.799162852083489e-06,1.3423171396532274
32,10000000.0,2.5723263583750002,0.5,5.1446527167500005,0.2107601119608138,4.822845939857506e-06,0.21075535592146158
32,10000000.0,5.1446527167500005,1.0,5.1446527167500005,0.05254779478307803,4.826260604193998e-06,0.05254298504223858
32,10000000.0,10.289305433500001,2.0,5.1446527167500005,0.013131438628915398,4.827115498829529e-06,0.01312661563224959
32,10000000.0,25.723263583750004,5.0,5.1446527167500005,0.002104675990678582,4.827354960359858e-06,0.002099849294237384
32,10000000.0,51.44652716750001,10.0,5.1446527167500005,0.0005297749322688961,4.827389172731689e-06,0.0005249477077072786
32,10000000.0,102.89305433500002,20.0,5.1446527167500005,0.0001360633699822223,4.827397725342482e-06,0.00013123601340818964
32,100000000.0,0.10289305433500001,0.02,5.1446527167500005,12.627362900917873,0.00035570450578944427,12.62749491560941
32,100000000.0,0.25723263583750006,0.05,5.1446527167500005,9.40106272314425,0.0004434494049767857,9.401182601526198
32,100000000.0,0.5144652716750001,0.1,5.1446527167500005,5.636510679059198,0.00047175150968629855,5.636313792484228
32,100000000.0,1.0289305433500002,0.2,5.1446527167500005,1.3427522797973896,0.00047990453659588564,1.3423178307737103
32,100000000.0,2.5723263583750002,0.5,5.1446527167500005,0.21123116420963758,0.00048227295176907095,0.21075557252319094
32,100000000.0,5.1446527167500005,1.0,5.1446527167500005,0.053024004881268696,0.0004826144333858917,0.0525430425751194
32,100000000.0,10.289305433500001,2.0,5.1446527167500005,0.013608918229111509,0.0004826999271128105,0.013126630223212669
32,100000000.0,25.723263583750004,5.0,5.1446527167500005,0.002582509654324442,0.00048272387420538994,0.0020998516380531696
32,100000000.0,51.44652716750001,10.0,5.1446527167500005,0.001007659126813274,0.00048272729553473136,0.0005249482939986162
32,100000000.0,102.89305433500002,20.0,5.1446527167500005,0.0006139601953059911,0.0004827281508820117,0.00013123615999310689
32,400000000.0,0.10289305433500001,0.02,5.1446527167500005,12.627370131056992,0.005687222280973398,12.629481624952575
32,400000000.0,0.25723263583750006,0.05,5.1446527167500005,9.399582456623758,0.007091959070834321,9.401498363016842
32,400000000.0,0.5144652716750001,0.1,5.1446527167500005,5.639280036667148,0.007545086871012623,5.636135847829772
32,400000000.0,1.0289305433500002,0.2,5.1446527167500005,1.3492756973222013,0.007675623151744151,1.3423283022888077
32,400000000.0,2.5723263583750002,0.5,5.1446527167500005,0.21836535068358728,0.007713543575130463,0.21075885436686967
32,400000000.0,5.1446527167500005,1.0,5.1446527167500005,0.06023645464560749,0.007719011007736883,0.052543914285501966
32,400000000.0,10.289305433500001,2.0,5.1446527167500005,0.02084063125579854,0.007720379840833371,0.013126851298417251
32,400000000.0,25.723263583750004,5.0,5.1446527167500005,0.009819595216661807,0.007720763255812052,0.0020998871504659495
32,400000000.0,51.44652716750001,10.0,5.1446527167500005,0.008245511442410374,0.007720818034467015,0.0005249571771136772
32,400000000.0,102.89305433500002,20.0,5.1446527167500005,0.007852004169852144,0.007720831729286832,0.00013123838109229977
32,1000000000.0,0.10289305433500001,0.02,5.1446527167500005,12.627368218836754,0.035403383134203,12.640538710049295
32,1000000000.0,0.25723263583750006,0.05,5.1446527167500005,9.391364359044633,0.044211397923888396,9.403263940889095
32,1000000000.0,0.5144652716750001,0.1,5.1446527167500005,5.654581907875764,0.0470537144674838,5.6351396454959
32,1000000000.0,1.0289305433500002,0.2,5.1446527167500005,1.385675327695754,0.04787263631919529,1.3423869425137516
32,1000000000.0,2.5723263583750002,0.5,5.1446527167500005,0.2582135874758112,0.04811054017298086,0.21077723266428922
32,1000000000.0,5.1446527167500005,1.0,5.1446527167500005,0.10052691599476904,0.04814484191119946,0.05254879586185052
32,1000000000.0,10.289305433500001,2.0,5.1446527167500005,0.06123995004248649,0.04815342974990114,0.01312808931943377
32,1000000000.0,25.723263583750004,5.0,5.1446527167500005,0.050249275172444804,0.04815583523481956,0.002100086019999333
32,1000000000.0,51.44652716750001,10.0,5.1446527167500005,0.048679524486213425,0.04815617890732483,0.0005250069225322281
32,1000000000.0,102.89305433500002,20.0,5.1446527167500005,0.048287100321036835,0.048156264826691,0.0001312508192003155
32,2000000000.0,0.10289305433500001,0.02,5.1446527167500005,12.626799255233907,0.13958830408876075,12.679082983913785
32,2000000000.0,0.25723263583750006,0.05,5.1446527167500005,9.362984675433875,0.17521300158841194,9.40953235160124
32,2000000000.0,0.5144652716750001,0.1,5.1446527167500005,5.7064239074903655,0.18672739374765746,5.631585761615449
32,2000000000.0,1.0289305433500002,0.2,5.1446527167500005,1.5138413211723742,0.1900466578191886,1.3425963682921649
32,2000000000.0,2.5723263583750002,0.5,5.1446527167500005,0.3990841190127595,0.1910110790758734,0.21084286906406374
32,2000000000.0,5.1446527167500005,1.0,5.1446527167500005,0.24303126668851893,0.19115013784044915,0.05256623003855139
32,2000000000.0,10.289305433500001,2.0,5.1446527167500005,0.2041466379187651,0.19118495303171634,0.013132510821554368
32,2000000000.0,25.723263583750004,5.0,5.1446527167500005,0.19326818904165943,0.1911947049089932,0.0021007962682761303
32,2000000000.0,51.44652716750001,10.0,5.1446527167500005,0.1917144554284056,0.1911960981637934,0.0005251845847793877
32,2000000000.0,102.89305433500002,20.0,5.1446527167500005,0.1913260349381447,0.19119644648256728,0.00013129524102084122
32,4000000000.0,0.10289305433500001,0.02,5.1446527167500005,12.617202157198907,0.5260793226912379,12.818734630729413
32,4000000000.0,0.25723263583750006,0.05,5.1446527167500005,9.26355947293428,0.6739825308202102,9.434023838326294
32,4000000000.0,0.5144652716750001,0.1,5.1446527167500005,5.873379390269076,0.7222441509310245,5.6174321738386706
32,4000000000.0,1.0289305433500002,0.2,5.1446527167500005,1.9973180450521133,0.7361948701170218,1.343434015206115
32,4000000000.0,2.5723263583750002,0.5,5.1446527167500005,0.9391389683080567,0.7402514441094199,0.2111054087767188
32,4000000000.0,5.1446527167500005,1.0,5.1446527167500005,0.7904476295255671,0.7408364733793491,0.05263596636168742
32,4000000000.0,10.289305433500001,2.0,5.1446527167500005,0.7533787563730926,0.7409829477508041,0.0131501968058607
32,4000000000.0,25.723263583750004,5.0,5.1446527167500005,0.7430069921383665,0.7410239761502525,0.0021036372607952727
32,4000000000.0,51.44652716750001,10.0,5.1446527167500005,0.7415255807054,0.7410298379068163,0.0005258952337136675
32,4000000000.0,102.89305433500002,20.0,5.1446527167500005,0.741155238366999,0.7410313033673259,0.0001314729283022576
64,10000000.0,0.42495580921500004,0.02,21.24779046075,12.770013116755372,1.7165673347342276e-05,12.770007507946776
64,10000000.0,1.0623895230375,0.05,21.24779046075,9.428267934845103,1.89099450746057e-05,9.428267279198693
64,10000000.0,2.124779046075,0.1,21.24779046075,5.296021088933608,1.9217470087453128e-05,5.296012784538457
64,10000000.0,4.24955809215,0.2,21.24779046075,1.260150057896169,1.9296995413066748e-05,1.2601325317191021
64,10000000.0,10.623895230375,0.5,21.24779046075,0.19822387346913567,1.9319456736177527e-05,0.1982048091672211
64,10000000.0,21.24779046075,1.0,21.24779046075,0.04944784764730258,1.9322672473352857e-05,0.049428587858679825
64,10000000.0,42.4955809215,2.0,21.24779046075,0.01236879141521943,1.93234766803087e-05,0.012349483603865147
64,10000000.0,106.23895230375,5.0,21.24779046075,0.00199489526598502,1.93237018806286e-05,0.0019755740680734895
64,10000000.0,212.4779046075,10.0,21.24779046075,0.0005132043641932671,1.9323734051414072e-05,0.0004938812560465669
64,10000000.0,424.955809215,20.0,21.24779046075,0.00014279313339046564,1.9323742095798008e-05,0.00012346954776722632
64,100000000.0,0.42495580921500004,0.02,21.24779046075,12.770659332776194,0.0017163438067278978,12.770098654582615
64,100000000.0,1.0623895230375,0.05,21.24779046075,9.428348528594869,0.0018908006268741674,9.428283038300796
64,100000000.0,2.124779046075,0.1,21.24779046075,5.29683313236999,0.0019215586282850176,5.296003104469115
64,100000000.0,4.24955809215,0.2,21.24779046075,1.261885599845718,0.0019295125960829976,1.2601332287465632
64,100000000.0,10.623895230375,0.5,21.24779046075,0.2001112484828418,0.001931759134788984,0.19820501398960305
64,100000000.0,21.24779046075,1.0,21.24779046075,0.05135443218411155,0.0019320807670148575,0.049428642077126564
64,100000000.0,42.4955809215,2.0,21.24779046075,0.014280091445880714,0.0019321612023859348,0.01234949734390587
64,100000000.0,106.23895230375,5.0,21.24779046075,0.003907509513181316,0.001932183726241541,0.0019755762747506165
64,100000000.0,212.4779046075,10.0,21.24779046075,0.0024260061389204737,0.0019321869439960528,0.0004938818080188369
64,100000000.0,424.955809215,20.0,21.24779046075,0.0020556417815863516,0.0019321877485303472,0.00012346968577881394
64,400000000.0,0.42495580921500004,0.02,21.24779046075,12.780400409565315,0.027407245496351672,12.771478634517914
64,400000000.0,1.0623895230375,0.05,21.24779046075,9.42955170598936,0.030205727694195602,9.428521740466136
64,400000000.0,2.124779046075,0.1,21.24779046075,5.309037365674449,0.030699187750982813,5.295856442901773
64,400000000.0,4.24955809215,0.2,21.24779046075,1.2881218811918558,0.03082679895852216,1.2601437897594359
64,400000000.0,10.623895230375,0.5,21.24779046075,0.22866034626393386,0.03086284203174261,0.1982081173582975
64,400000000.0,21.24779046075,1.0,21.24779046075,0.08019626413658953,0.03086800225160658,0.049429463569018624
64,400000000.0,42.4955809215,2.0,21.24779046075,0.04319378711018513,0.03086929274509318,0.012349705526234734
64,400000000.0,106.23895230375,5.0,21.24779046075,0.03284123402044919,0.03086965411472302,0.0019756097092640513
64,400000000.0,212.4779046075,10.0,21.24779046075,0.03136258860235005,0.03086970574003154,0.0004938901711263191
64,400000000.0,424.955809215,20.0,21.24779046075,0.030992938605060985,0.030869718646568747,0.00012347177682104518
64,1000000000.0,0.42495580921500004,0.02,21.24779046075,12.833226612265555,0.16938230052975495,12.779170867721357
64,1000000000.0,1.0623895230375,0.05,21.24779046075,9.435698001094408,0.1871206445122141,9.429855972524635
64,1000000000.0,2.124779046075,0.1,21.24779046075,5.373990564260195,0.19025108385631673,5.295035351288787
64,1000000000.0,4.24955809215,0.2,21.24779046075,1.432958391867004,0.19106075665399583,1.2602029311264467
64,1000000000.0,10.623895230375,0.5,21.24779046075,0.38687135326396016,0.19128945354819743,0.1982254961986169
64,1000000000.0,21.24779046075,1.0,21.24779046075,0.24010454853350943,0.19132219599405154,0.04943406392186972
64,1000000000.0,42.4955809215,2.0,21.24779046075,0.2035188930623166,0.1913303844013625,0.012350871347150802
64,1000000000.0,106.23895230375,5.0,21.24779046075,0.19328252148496405,0.19133267735578538,0.0019757969426783435
64,1000000000.0,212.4779046075,10.0,21.24779046075,0.19182045462864772,0.19133300492783067,0.000493937004524258
64,1000000000.0,424.955809215,20.0,21.24779046075,0.19145494853838663,0.19133308682134959,0.00012348348674758717
64,2000000000.0,0.42495580921500004,0.02,21.24779046075,12.998771285441194,0.6495234241171988,12.80615183616095
64,2000000000.0,1.0623895230375,0.05,21.24779046075,9.450982033481655,0.7238056283017179,9.434586458972317
64,2000000000.0,2.124779046075,0.1,21.24779046075,5.562382906174294,0.7369661761798179,5.292105831430663
64,2000000000.0,4.24955809215,0.2,21.24779046075,1.9207337018233004,0.7403725232787838,1.2604141460686908
64,2000000000.0,10.623895230375,0.5,21.24779046075,0.9279754906742739,0.7413348467847616,0.19828756314792045
64,2000000000.0,21.24779046075,1.0,21.24779046075,0.7880491629242786,0.7414726287689264,0.04945049373144112
64,2000000000.0,42.4955809215,2.0,21.24779046075,0.7531459578390903,0.741507086284423,0.012355034991903258
64,2000000000.0,106.23895230375,5.0,21.24779046075,0.7433787185706855,0.7415167352502543,0.0019764656333412884
64,2000000000.0,212.4779046075,10.0,21.24779046075,0.7419836010986007,0.7415181137051584,0.0004941042666629316
64,2000000000.0,424.955809215,20.0,21.24779046075,0.7416348296409941,0.7415184583199042,0.00012352530787346352
64,4000000000.0,0.42495580921500004,0.02,21.24779046075,13.359597664060587,2.135803817853084,12.906568168070017
64,4000000000.0,1.0623895230375,0.05,21.24779046075,9.470097147262459,2.466550694177449,9.452967693993442
64,4000000000.0,2.124779046075,0.1,21.24779046075,5.853932557987634,2.5266680097515177,5.2804336793482545
64,4000000000.0,4.24955809215,0.2,21.24779046075,3.4077365216244218,2.542300736228565,1.2612589398067264
64,4000000000.0,10.623895230375,0.5,21.24779046075,2.685605369581526,2.546722512380268,0.19853582567108452
64,4000000000.0,21.24779046075,1.0,21.24779046075,2.5820834411485953,2.547355800497587,0.04951621262616704
64,4000000000.0,42.4955809215,2.0,21.24779046075,2.556196456715654,2.547514185376871,0.012371689549281206
64,4000000000.0,106.23895230375,5.0,21.24779046075,2.548947716430185,2.547558537649234,0.001979140395476261
64,4000000000.0,212.4779046075,10.0,21.24779046075,2.5479121690875965,2.54756487385084,0.0004947733151676707
64,4000000000.0,424.955809215,20.0,21.24779046075,2.547653281748457,2.5475664579054613,0.0001236925923700488
128,10000000.0,1.726911626815,0.02,86.34558134075,13.852204347463745,7.484714286845246e-05,13.852211579390744
128,10000000.0,4.3172790670375,0.05,86.34558134075,9.513616898808566,7.68966691188852e-05,9.513610616242186
128,10000000.0,8.634558134075,0.1,86.34558134075,5.128807111551026,7.720516982863917e-05,5.128772364428476
128,10000000.0,17.26911626815,0.2,86.34558134075,1.2208840540788923,7.728293188091335e-05,1.2208136805730918
128,10000000.0,43.172790670375,0.5,86.34558134075,0.1922281236425966,7.73047511778015e-05,0.19215181173615276
128,10000000.0,86.34558134075,1.0,86.34558134075,0.048001279167136104,7.730786985953264e-05,0.0479242158576896
128,10000000.0,172.6911626815,2.0,86.34558134075,0.012051195856695028,7.730864959794897e-05,0.011973948122412648
128,10000000.0,431.72790670375,5.0,86.34558134075,0.001992812528496553,7.730886793033708e-05,0.0019155133969888242
128,10000000.0,863.4558134075,10.0,86.34558134075,0.0005561734469340404,7.730889912288237e-05,0.0004788669815588947
128,10000000.0,1726.911626815,20.0,86.34558134075,0.00019702433362840568,7.730890689040184e-05,0.0001197160351529145
128,100000000.0,1.726911626815,0.02,86.34558134075,13.851393775238847,0.007481551998534236,13.852115948039101
128,100000000.0,4.3172790670375,0.05,86.34558134075,9.514248402285688,0.007686650693554377,9.51362209173906
128,100000000.0,8.634558134075,0.1,86.34558134075,5.13223172466887,0.007717523065027695,5.128763612312017
128,100000000.0,17.26911626815,0.2,86.34558134075,1.2278478113504139,0.007725304904075476,1.2208143783566503
128,100000000.0,43.172790670375,0.5,86.34558134075,0.19978007259972735,0.007727488415697467,0.1921520108171496
128,100000000.0,86.34558134075,1.0,86.34558134075,0.055627577643799435,0.007727800510363064,0.04792426846397622
128,100000000.0,172.6911626815,2.0,86.34558134075,0.019695739651021504,0.0077278785404347955,0.011973961448697206
128,100000000.0,431.72790670375,5.0,86.34558134075,0.009642440876048658,0.007727900389201209,0.0019155155370300984
128,100000000.0,863.4558134075,10.0,86.34558134075,0.008206527300753566,0.007727903510657894,0.0004788675168192638
128,100000000.0,1726.911626815,20.0,86.34558134075,0.007847559530206683,0.007727904290669988,0.00011971616898244848
128,400000000.0,1.726911626815,0.02,86.34558134075,13.839356415452835,0.11893314500076531,13.850668497033707
128,400000000.0,4.3172790670375,0.05,86.34558134075,9.523357597727129,0.12224997744005041,9.513795894715285
128,400000000.0,8.634558134075,0.1,86.34558134075,5.182536622346483,0.12274932311981282,5.12863100976875
128,400000000.0,17.26911626815,0.2,86.34558134075,1.332406191585822,0.12287519394654317,1.2208249508253435
128,400000000.0,43.172790670375,0.5,86.34558134075,0.31344035985386687,0.12291051237090642,0.1921550271944285
128,400000000.0,86.34558134075,1.0,86.34558134075,0.17044023430495517,0.12291556052807047,0.04792506553025619
128,400000000.0,172.6911626815,2.0,86.34558134075,0.13479125165898337,0.12291682267153096,0.011974163361680149
128,400000000.0,431.72790670375,5.0,86.34558134075,0.1248167827672595,0.12291717607927932,0.0019155479612445532
128,400000000.0,863.4558134075,10.0,86.34558134075,0.12339211745408951,0.12291722656631474,0.0004788756271118059
128,400000000.0,1726.911626815,20.0,86.34558134075,0.12303596123704452,0.12291723918888832,0.00011971819681174252
128,1000000000.0,1.726911626815,0.02,86.34558134075,13.77950733587298,0.7153065424248807,13.842614872351984
128,1000000000.0,4.3172790670375,0.05,86.34558134075,9.560943582974007,0.7372252349197825,9.514766827440205
128,1000000000.0,8.634558134075,0.1,86.34558134075,5.413023316558232,0.7405290253671193,5.127888618577163
128,1000000000.0,17.26911626815,0.2,86.34558134075,1.8841709705808825,0.7413619791068904,1.220884156329331
128,1000000000.0,43.172790670375,0.5,86.34558134075,0.9224420463222314,0.7415957114996513,0.19217191888447935
128,1000000000.0,86.34558134075,1.0,86.34558134075,0.7867655000203998,0.741629119917568,0.047929529099659286
128,1000000000.0,172.6911626815,2.0,86.34558134075,0.7529168384705918,0.7416374727289219,0.011975294074415398
128,1000000000.0,431.72790670375,5.0,86.34558134075,0.7434442978915455,0.7416398115667722,0.0019157295367760604
128,1000000000.0,863.4558134075,10.0,86.34558134075,0.7420912596889748,0.7416401456890915,0.0004789210445972221
128,1000000000.0,1726.911626815,20.0,86.34558134075,0.741753007245105,0.741640229218779,0.00011972955264458571
128,2000000000.0,1.726911626815,0.02,86.34558134075,13.635375475372724,2.427690630962182,13.814562027961056
128,2000000000.0,4.3172790670375,0.05,86.34558134075,9.604066404391254,2.5275796299196793,9.518201713231303
128,2000000000.0,8.634558134075,0.1,86.34558134075,5.745370513464777,2.542743103036414,5.125239755042453
128,2000000000.0,17.26911626815,0.2,86.34558134075,3.3815538094392354,2.5465705448064297,1.221095600120841
128,2000000000.0,43.172790670375,0.5,86.34558134075,2.681928436347851,2.547644870024876,0.1922322460302184
128,2000000000.0,86.34558134075,1.0,86.34558134075,2.5813876197385497,2.547798439575325,0.047945470398231646
128,2000000000.0,172.6911626815,2.0,86.34558134075,2.556235216425428,2.547836835657111,0.011979332332756533
128,2000000000.0,431.72790670375,5.0,86.34558134075,2.549191375737252,2.5478475868246644,0.0019163780205871909
128,2000000000.0,863.4558134075,10.0,86.34558134075,2.5481850716518144,2.5478491227156237,0.0004790832498222293
128,2000000000.0,1726.911626815,20.0,86.34558134075,2.5479334940305116,2.547849506689601,0.00011977010921666124
128,4000000000.0,1.726911626815,0.02,86.34558134075,13.432378475264583,4.9782307719810355,13.712766908235336
128,4000000000.0,4.3172790670375,0.05,86.34558134075,9.527238464786032,5.288799078179604,9.531430876865834
128,4000000000.0,8.634558134075,0.1,86.34558134075,6.163132484124459,5.33638852789783,5.114683753047311
128,4000000000.0,17.26911626815,0.2,86.34558134075,5.496692659986389,5.348417060864868,1.2219413059520554
128,4000000000.0,43.172790670375,0.5,86.34558134075,5.372056538835372,5.351794513483753,0.19247354963497038
128,4000000000.0,86.34558134075,1.0,86.34558134075,5.3572096854663895,5.352277345238351,0.04800923526857333
128,4000000000.0,172.6911626815,2.0,86.34558134075,5.353622728932468,5.3523980664064075,0.011995485345753818
128,4000000000.0,431.72790670375,5.0,86.34558134075,5.3526274367999385,5.35243186928141,0.0019189719555333168
128,4000000000.0,863.4558134075,10.0,86.34558134075,5.352485576649848,5.352436698297911,0.0004797320708429495
128,4000000000.0,1726.911626815,20.0,86.34558134075,5.352450124305803,5.352437905563393,0.00011993233554071242
256,10000000.0,6.962144493374999,0.02,348.10722466874995,14.258956014733506,0.0003067213152025288,14.25903950901062
256,10000000.0,17.4053612334375,0.05,348.10722466874995,9.571613855925495,0.0003088376010923694,9.57159014958352
256,10000000.0,34.810722466875,0.1,348.10722466874995,5.04642798319328,0.00030914386631543194,5.046285413832444
256,10000000.0,69.62144493375,0.2,348.10722466874995,1.2018608931976056,0.0003092205878941063,1.2015788970515124
256,10000000.0,174.05361233437498,0.5,348.10722466874995,0.18948487446801607,0.0003092420810821068,0.18917954528415826
256,10000000.0,348.10722466874995,1.0,348.10722466874995,0.04749328242467154,0.0003092451519281894,0.04718500110101182
256,10000000.0,696.2144493374999,2.0,348.10722466874995,0.012098391539822114,0.00030924591966429826,0.0117893856904416
256,10000000.0,1740.5361233437498,5.0,348.10722466874995,0.002195201985919368,0.00030924613458408574,0.001885994223006274
256,10000000.0,3481.0722466874995,10.0,348.10722466874995,0.0007807241465527692,0.0003092461653950472,0.0004714875726598286
256,10000000.0,6962.144493374999,20.0,348.10722466874995,0.00042711498187887435,0.00030924617300979903,0.00011787120666012509
256,100000000.0,6.962144493374999,0.02,348.10722466874995,14.250524994055551,0.030623545707004932,14.258849979572634
256,100000000.0,17.4053612334375,0.05,348.10722466874995,9.573936453207942,0.03083578521035966,9.571599167694474
256,100000000.0,34.810722466875,0.1,348.10722466874995,5.0604288499273835,0.030866500467317988,5.046277098999759
256,100000000.0,69.62144493375,0.2,348.10722466874995,1.2297167114702166,0.030874194866580648,1.2015795947160977
256,100000000.0,174.05361233437498,0.5,348.10722466874995,0.21966256386439761,0.03087635041711077,0.18917974153099398
256,100000000.0,348.10722466874995,1.0,348.10722466874995,0.077964772843365,0.030876658392918845,0.04718505291276127
256,100000000.0,696.2144493374999,2.0,348.10722466874995,0.04264198851306421,0.030876735388516017,0.011789398812662038
256,100000000.0,1740.5361233437498,5.0,348.10722466874995,0.032758893936032284,0.0308767569468032,0.001885996330063641
256,100000000.0,3481.0722466874995,10.0,348.10722466874995,0.031347283433718245,0.030876760027605185,0.0004714880996876089
256,100000000.0,6962.144493374999,20.0,348.10722466874995,0.03099439097166872,0.030876760797976594,0.00011787133823614376
256,400000000.0,6.962144493374999,0.02,348.10722466874995,14.128667482095674,0.477875121838734,14.255981782648803
256,400000000.0,17.4053612334375,0.05,348.10722466874995,9.601890086250933,0.48141653486250996,9.57173573988253
256,400000000.0,34.810722466875,0.1,348.10722466874995,5.248090066507477,0.4819291467293175,5.046151121580675
256,400000000.0,69.62144493375,0.2,348.10722466874995,1.6363982411247346,0.4820575637249629,1.2015901653813246
256,400000000.0,174.05361233437498,0.5,348.10722466874995,0.6644456350145604,0.48209353943774114,0.18918271496714673
256,400000000.0,348.10722466874995,1.0,348.10722466874995,0.5276007322847429,0.4820986795022583,0.04718583793687471
256,400000000.0,696.2144493374999,2.0,348.10722466874995,0.4934700877434566,0.4820999645453621,0.011789597635387838
256,400000000.0,1740.5361233437498,5.0,348.10722466874995,0.48391930241640146,0.4821003243583768,0.0018860282562376532
256,400000000.0,3481.0722466874995,10.0,348.10722466874995,0.482555111641899,0.4821003757613004,0.00047149608524182446
256,400000000.0,6962.144493374999,20.0,348.10722466874995,0.48221407204096267,0.48210038861051246,0.00011787333510644186
256,1000000000.0,6.962144493374999,0.02,348.10722466874995,13.632707469246412,2.516907255951179,14.240039203462707
256,1000000000.0,17.4053612334375,0.05,348.10722466874995,9.634567078799456,2.542892261034962,9.572498261091436
256,1000000000.0,34.810722466875,0.1,348.10722466874995,5.696121995114776,2.5466609019130666,5.045445817626479
256,1000000000.0,69.62144493375,0.2,348.10722466874995,3.3687693206742715,2.547605294884569,1.2016493607809573
256,1000000000.0,174.05361233437498,0.5,348.10722466874995,2.6799927340113867,2.547869885259531,0.1891993661870856
256,1000000000.0,348.10722466874995,1.0,348.10722466874995,2.5809589883221347,2.547907689613104,0.0471902340705066
256,1000000000.0,696.2144493374999,2.0,348.10722466874995,2.556181199435747,2.5479171409260863,0.011790711042495655
256,1000000000.0,1740.5361233437498,5.0,348.10722466874995,2.549242091349524,2.547919787311344,0.0018862070431362853
256,1000000000.0,3481.0722466874995,10.0,348.10722466874995,2.5482507433235786,2.547920165367902,0.0004715408049028667
256,1000000000.0,6962.144493374999,20.0,348.10722466874995,2.5480029044762627,2.5479202598658652,0.00011788451625321563
256,2000000000.0,6.962144493374999,0.02,348.10722466874995,13.289824619075432,5.255277665401332,14.184717534347058
256,2000000000.0,17.4053612334375,0.05,348.10722466874995,9.504481698992466,5.336757734262839,9.57518994675004
256,2000000000.0,34.810722466875,0.1,348.10722466874995,6.138939683786676,5.348600422100585,5.0429292223245
256,2000000000.0,69.62144493375,0.2,348.10722466874995,5.494925611611138,5.3515690904676285,1.2018607684013665
256,2000000000.0,174.05361233437498,0.5,348.10722466874995,5.3721831209693915,5.352400891702745,0.18925883452072545
256,2000000000.0,348.10722466874995,1.0,348.10722466874995,5.357344522866006,5.35251974096079,0.047205934527970554
256,2000000000.0,696.2144493374999,2.0,348.10722466874995,5.353748016526434,5.352549454078128,0.011794687495693547
256,2000000000.0,1740.5361233437498,5.0,348.10722466874995,5.352749200862536,5.3525577738115935,0.0018868455670431573
256,2000000000.0,3481.0722466874995,10.0,348.10722466874995,5.352606806849916,5.352558962344,0.00047170051763030627
256,2000000000.0,6962.144493374999,20.0,348.10722466874995,5.352571219823107,5.352559259462405,0.00011792444968596055
256,4000000000.0,6.962144493374999,0.02,348.10722466874995,13.374898832699095,8.107064124227358,13.98659819487765
256,4000000000.0,17.4053612334375,0.05,348.10722466874995,9.14916060842219,8.219586669690482,9.585464286606356
256,4000000000.0,34.810722466875,0.1,348.10722466874995,8.343603105639424,8.235600782011698,5.0328993985672295
256,4000000000.0,69.62144493375,0.2,348.10722466874995,8.259429341820608,8.239601594174918,1.2027063282425858
256,4000000000.0,174.05361233437498,0.5,348.10722466874995,8.243615039920835,8.240721622950563,0.189496703021915
256,4000000000.0,348.10722466874995,1.0,348.10722466874995,8.241595506777234,8.240881619930407,0.04726873604328667
256,4000000000.0,696.2144493374999,2.0,348.10722466874995,8.24109950408507,8.24092161890139,0.011810593288052227
256,4000000000.0,1740.5361233437498,5.0,348.10722466874995,8.240961254006251,8.240932818593395,0.0018893996625376779
256,4000000000.0,3481.0722466874995,10.0,348.10722466874995,8.240941526466884,8.240934418549516,0.0004723393686587472
256,4000000000.0,6962.144493374999,20.0,348.10722466874995,8.240936595428828,8.240934818507537,0.0001180841827209001
512,10000000.0,27.957895151935,0.02,1397.89475759675,14.327471950839364,0.0012344099771688921,14.32785295625678
512,10000000.0,69.8947378798375,0.05,1397.89475759675,9.603676634361246,0.0012365348531301673,9.603593776200762
512,10000000.0,139.789475759675,0.1,1397.89475759675,5.005940725172819,0.0012368393845296666,5.005362939233116
512,10000000.0,279.57895151935,0.2,1397.89475759675,1.1931941784324358,0.0012369155556575385,1.1920652892838706
512,10000000.0,698.947378798375,0.5,1397.89475759675,0.18892820748847844,0.00123693688634784,0.187706804767019
512,10000000.0,1397.89475759675,1.0,1397.89475759675,0.048051720002151854,0.0012369399336899778,0.04681860667924935
512,10000000.0,2795.7895151935,2.0,1397.89475759675,0.012933886635090926,0.0012369406954758633,0.011697899084854807
512,10000000.0,6989.47378798375,5.0,1397.89475759675,0.003108149946121272,0.0012369409089971804,0.0018713613838065738
512,10000000.0,13978.9475759675,10.0,1397.89475759675,0.0017047324027260726,0.0012369409393735219,0.0004678295444470491
512,10000000.0,27957.895151935,20.0,1397.89475759675,0.0013538881377380403,0.0012369409474426443,0.00011695671021546284
512,100000000.0,27.957895151935,0.02,1397.89475759675,14.289888839878202,0.12266813854180013,14.327642551057007
512,100000000.0,69.8947378798375,0.05,1397.89475759675,9.61136260340609,0.12288308161879946,9.60360150691746
512,100000000.0,139.789475759675,0.1,1397.89475759675,5.061465384917511,0.12291388700999908,5.005354836421862
512,100000000.0,279.57895151935,0.2,1397.89475759675,1.3039536196714385,0.12292159224340084,1.1920659867705297
512,100000000.0,698.947378798375,0.5,1397.89475759675,0.30904188495135215,0.12292374998738304,0.1877069996055719
512,100000000.0,1397.89475759675,1.0,1397.89475759675,0.16935125373093995,0.12292405824571827,0.046818658096284715
512,100000000.0,2795.7895151935,2.0,1397.89475759675,0.13452453632060288,0.12292413531074063,0.011697912105645475
512,100000000.0,6989.47378798375,5.0,1397.89475759675,0.12477993441449385,0.12292415688822929,0.0018713634746387613
512,100000000.0,13978.9475759675,10.0,1397.89475759675,0.12338809411461732,0.1229241599691718,0.0004678300677996529
512,100000000.0,27957.895151935,20.0,1397.89475759675,0.1230401436324535,0.12292416073746627,0.00011695684027755588
512,400000000.0,27.957895151935,0.02,1397.89475759675,13.810699846666841,1.7577031041465598,14.324458552261559
512,400000000.0,69.8947378798375,0.05,1397.89475759675,9.647234743304388,1.7616713059640428,9.603718574389667
512,400000000.0,139.789475759675,0.1,1397.89475759675,5.56837011889633,1.762240187163743,5.005232071267168
512,400000000.0,279.57895151935,0.2,1397.89475759675,2.7302455975413595,1.762382485606554,1.1920765547438945
512,400000000.0,698.947378798375,0.5,1397.89475759675,1.917044557584986,1.7624223347750487,0.18770995170852978
512,400000000.0,1397.89475759675,1.0,1397.89475759675,1.8010691481753422,1.7624280277120818,0.046819437141610215
512,400000000.0,2795.7895151935,2.0,1397.89475759675,1.7720887755655637,1.7624294509568776,0.011698109394523752
512,400000000.0,6989.47378798375,5.0,1397.89475759675,1.763975297998249,1.762429849468716,0.0018713951536267867
512,400000000.0,13978.9475759675,10.0,1397.89475759675,1.7628162669705816,1.7624299063929674,0.00046783799158471763
512,400000000.0,27957.895151935,20.0,1397.89475759675,1.762526510646958,1.7624299206013763,0.00011695882158059109
512,1000000000.0,27.957895151935,0.02,1397.89475759675,13.236418208505082,5.328130469567853,14.306764588375461
512,1000000000.0,69.8947378798375,0.05,1397.89475759675,9.483769872737717,5.348661471208864,9.604371913064952
512,1000000000.0,139.789475759675,0.1,1397.89475759675,6.129084534766033,5.351607055837717,5.004544749642143
512,1000000000.0,279.57895151935,0.2,1397.89475759675,5.4938580145985805,5.352343944784595,1.1921357350670805
512,1000000000.0,698.947378798375,0.5,1397.89475759675,5.372135311888321,5.3525503090269275,0.18772648346554485
512,1000000000.0,1397.89475759675,1.0,1397.89475759675,5.357359175552649,5.3525797908966934,0.04682379979607365
512,1000000000.0,2795.7895151935,2.0,1397.89475759675,5.353774623401346,5.352587161416308,0.011699214210642347
512,1000000000.0,6989.47378798375,5.0,1397.89475759675,5.352778887326441,5.352589225147165,0.001871572556173303
512,1000000000.0,13978.9475759675,10.0,1397.89475759675,5.35263692364445,5.352589519955874,0.0004678823643741032
512,1000000000.0,27957.895151935,20.0,1397.89475759675,5.352601443816159,5.3525895936354875,0.00011696991632637682
512,2000000000.0,27.957895151935,0.02,1397.89475759675,13.36809100234461,8.207877171659879,14.24541718582985
512,2000000000.0,69.8947378798375,0.05,1397.89475759675,9.116388593854335,8.23569465126971,9.606674271930446
512,2000000000.0,139.789475759675,0.1,1397.89475759675,8.343537698541853,8.2396643465975,5.002092289009939
512,2000000000.0,279.57895151935,0.2,1397.89475759675,8.26000103669558,8.240656599913551,1.192347088807296
512,2000000000.0,698.947378798375,0.5,1397.89475759675,8.243769611729762,8.240934418559277,0.18778552514798996
512,2000000000.0,1397.89475759675,1.0,1397.89475759675,8.241674052592854,8.240974106502941,0.046839380685773715
512,2000000000.0,2795.7895151935,2.0,1397.89475759675,8.24115846621586,8.2409840284743,0.011703159983566875
512,2000000000.0,6989.47378798375,5.0,1397.89475759675,8.241014692119034,8.240986806612927,0.001872206135894105
512,2000000000.0,13978.9475759675,10.0,1397.89475759675,8.240994173975402,8.24098720347476,0.0004680408400823125
512,2000000000.0,27957.895151935,20.0,1397.89475759675,8.240989045166494,8.240987302596348,0.00011700954033957792
512,4000000000.0,27.957895151935,0.02,1397.89475759675,13.380577096280488,11.137490539287374,14.026353266974175
512,4000000000.0,69.8947378798375,0.05,1397.89475759675,11.228371647177163,11.169040971349219,9.615401035659367
512,4000000000.0,139.789475759675,0.1,1397.89475759675,11.183130357375147,11.173530471040378,4.992317636615512
512,4000000000.0,279.57895151935,0.2,1397.89475759675,11.17683753383882,11.174652157070232,1.1931924325546999
512,4000000000.0,698.947378798375,0.5,1397.89475759675,11.175307204514713,11.174966179810399,0.18802168711697642
512,4000000000.0,1397.89475759675,1.0,1397.89475759675,11.175095994258719,11.175011038448734,0.046901703933704214
512,4000000000.0,2795.7895151935,2.0,1397.89475759675,11.175043473289419,11.175022253033013,0.011718943053673485
512,4000000000.0,6989.47378798375,5.0,1397.89475759675,11.17502878750445,11.175025393098965,0.0018747404549364387
512,4000000000.0,13978.9475759675,10.0,1397.89475759675,11.175026690264232,11.175025841692944,0.00046867474235688937
512,4000000000.0,27957.895151935,20.0,1397.89475759675,11.175026165843962,11.175025953702873,0.00011716803592204525
1024,10000000.0,112.050536170815,0.02,5602.52680854075,14.321933492159516,0.0049443227966696115,14.323472120499734
1024,10000000.0,280.1263404270375,0.05,5602.52680854075,9.620519673013707,0.0049464463284040455,9.62022185492742
1024,10000000.0,560.252680854075,0.1,5602.52680854075,4.987310723908332,0.004946749933207552,4.984985921428041
1024,10000000.0,1120.50536170815,0.2,5602.52680854075,1.1918504089726083,0.004946825844027055,1.18733413420873
1024,10000000.0,2801.263404270375,0.5,5602.52680854075,0.19185867261085543,0.004946847099590253,0.18697376214535874
1024,10000000.0,5602.52680854075,1.0,5602.52680854075,0.051567801185639854,0.004946850135662243,0.04663620895857712
1024,10000000.0,11205.0536170815,2.0,5602.52680854075,0.0165954039504213,0.00494685089496078,0.011652353592453113
1024,10000000.0,28012.63404270375,5.0,5602.52680854075,0.006810320168831636,0.004946851108600304,0.0018640765239138764
1024,10000000.0,56025.2680854075,10.0,5602.52680854075,0.005412707707108197,0.004946851138434416,0.0004660084123855933
1024,10000000.0,112050.536170815,20.0,5602.52680854075,0.005063314620891733,0.004946851144575006,0.00011650143585930984
1024,100000000.0,112.050536170815,0.02,5602.52680854075,14.174633202441793,0.48184244915728136,14.323259988293984
1024,100000000.0,280.1263404270375,0.05,5602.52680854075,9.642370965422165,0.48206450007382806,9.620228930030358
1024,100000000.0,560.252680854075,0.1,5602.52680854075,5.191586873502077,0.4820962474595717,4.98497792298613
1024,100000000.0,1120.50536170815,0.2,5602.52680854075,1.622771492398697,0.4821041853152974,1.1873348315780399
1024,100000000.0,2801.263404270375,0.5,5602.52680854075,0.6623287342267169,0.48210640798821397,0.18697395628286775
1024,100000000.0,5602.52680854075,1.0,5602.52680854075,0.5270785183607407,0.4821067255146217,0.046636260176160196
1024,100000000.0,11205.0536170815,2.0,5602.52680854075,0.4933445003069364,0.4821068048987875,0.011652366561797215
1024,100000000.0,28012.63404270375,5.0,5602.52680854075,0.4839046228991973,0.48210682713074926,0.001864078606479192
1024,100000000.0,56025.2680854075,10.0,5602.52680854075,0.48255627084374964,0.4821068303172533,0.0004660089323472408
1024,100000000.0,112050.536170815,20.0,5602.52680854075,0.4822191907206394,0.4821068311128724,0.00011650156532354953
1024,400000000.0,112.050536170815,0.02,5602.52680854075,13.190029527061096,4.510321893435096,14.320049866736401
1024,400000000.0,280.1263404270375,0.05,5602.52680854075,9.59665135368149,4.514355924513528,9.62033606460194
1024,400000000.0,560.252680854075,0.1,5602.52680854075,5.795232073895301,4.514932868458857,4.984856739086368
1024,400000000.0,1120.50536170815,0.2,5602.52680854075,4.811618547533677,4.515077130006356,1.1873453977686337
1024,400000000.0,2801.263404270375,0.5,5602.52680854075,4.561212561753622,4.5151175250725935,0.18697689775517698
1024,400000000.0,5602.52680854075,1.0,5602.52680854075,4.526595931103656,4.515123295864779,0.04663703624452843
1024,400000000.0,11205.0536170815,2.0,5602.52680854075,4.517989673576047,4.515124738564251,0.01165256308694853
1024,400000000.0,28012.63404270375,5.0,5602.52680854075,4.5155833873428906,4.515125142495733,0.0018641101621856779
1024,400000000.0,56025.2680854075,10.0,5602.52680854075,4.5152397562666104,4.515125200228633,0.000466016825847424
1024,400000000.0,112050.536170815,20.0,5602.52680854075,4.515153853266953,4.5151252145811,0.00011650353943117393
1024,1000000000.0,112.050536170815,0.02,5602.52680854075,13.3582785958747,8.23276200430957,14.302211127656182
1024,1000000000.0,280.1263404270375,0.05,5602.52680854075,9.10550282208374,8.23968259755776,9.620933801835518
1024,1000000000.0,560.252680854075,0.1,5602.52680854075,8.343256582469191,8.240670983767492,4.9841782693982815
1024,1000000000.0,1120.50536170815,0.2,5602.52680854075,8.26010166239046,8.240918069693464,1.1874045681097951
1024,1000000000.0,2801.263404270375,0.5,5602.52680854075,8.243802416559129,8.240987252997419,0.18699336997014976
1024,1000000000.0,5602.52680854075,1.0,5602.52680854075,8.241692260178025,8.240997136279962,0.04664138221925798
1024,1000000000.0,11205.0536170815,2.0,5602.52680854075,8.241172850700098,8.240999607119898,0.011653663624007311
1024,1000000000.0,28012.63404270375,5.0,5602.52680854075,8.24102799383847,8.241000298891457,0.001864286874820405
1024,1000000000.0,56025.2680854075,10.0,5602.52680854075,8.241007320685531,8.241000397808934,0.0004660610261759945
1024,1000000000.0,112050.536170815,20.0,5602.52680854075,8.24100215291299,8.241000422247625,0.00011651459091183878
1024,2000000000.0,112.050536170815,0.02,5602.52680854075,13.417248843042962,11.165734286323827,14.240366906515309
1024,2000000000.0,280.1263404270375,0.05,5602.52680854075,11.229690002919629,11.173563169027288,9.623037901565977
1024,2000000000.0,560.252680854075,0.1,5602.52680854075,11.183957167658372,11.174680486785938,4.981757380107082
1024,2000000000.0,1120.50536170815,0.2,5602.52680854075,11.177078588508538,11.174959773532347,1.1876158861847905
1024,2000000000.0,2801.263404270375,0.5,5602.52680854075,11.175368862886499,11.175037970762041,0.18705219901483786
1024,2000000000.0,5602.52680854075,1.0,5602.52680854075,11.175131581860674,11.17504914166425,0.046656903538129825
1024,2000000000.0,11205.0536170815,2.0,5602.52680854075,11.175072526847888,11.175051934407406,0.0116575941123656
1024,2000000000.0,28012.63404270375,5.0,5602.52680854075,11.175056010336403,11.175052716335912,0.0018649179915868177
1024,2000000000.0,56025.2680854075,10.0,5602.52680854075,11.175053651611204,11.175052828138043,0.00046621888509032114
1024,2000000000.0,112050.536170815,20.0,5602.52680854075,11.17505306170649,11.17505285584155,0.00011655406018771855
1024,4000000000.0,112.050536170815,0.02,5602.52680854075,14.224755215213538,14.139319578937915,14.019593103237188
1024,4000000000.0,280.1263404270375,0.05,5602.52680854075,14.152474309967218,14.147642699534819,9.630976681729717
1024,4000000000.0,560.252680854075,0.1,5602.52680854075,14.149927704961582,14.148830203174736,4.9721083486999715
1024,4000000000.0,1120.50536170815,0.2,5602.52680854075,14.149395300704066,14.14912702009186,1.1884610870022658
1024,4000000000.0,2801.263404270375,0.5,5602.52680854075,14.14925278459106,14.149210124598051,0.18728751046475628
1024,4000000000.0,5602.52680854075,1.0,5602.52680854075,14.149232652138025,14.14922199652805,0.04671898850375077
1024,4000000000.0,11205.0536170815,2.0,5602.52680854075,14.149227627821583,14.149224964506322,0.011673316042283175
1024,4000000000.0,28012.63404270375,5.0,5602.52680854075,14.149226221631888,14.149225795531182,0.001867442458370548
1024,4000000000.0,56025.2680854075,10.0,5602.52680854075,14.149226020899793,14.149225914368252,0.00046685032150501775
1024,4000000000.0,112050.536170815,20.0,5602.52680854075,14.14922597048071,14.14922594385301,0.00011671194067524195
